Setup title,"I/V Sweep-Solar cell"
Classic test name,"I/V Sweep"
Test date,4/19/2023
Test time,17:05:29
Device ID,
Count,30
Flags,
Remarks,
Context.MainFrame,B1500A
Channel.UnitType,SMU,SMU
Channel.Unit,SMU4:HR,SMU3:HR
Channel.IName,I1,l2
Channel.VName,V1,V2
Channel.Mode,V,COMMON
Channel.Func,VAR1,CONST
Channel.Index,
Channel.Time,
Measurement.Port.Unit,SMU4:HR,SMU3:HR
Measurement.Port.SeriesResistor,NONE,NONE
Measurement.Port.Filter,ON,ON
Measurement.Port.OutputVoltageComparison,0,0
Measurement.Primary.Locus,Single
Measurement.Primary.Scale,LINEAR
Measurement.Primary.Start,1
Measurement.Primary.Stop,-0.2
Measurement.Primary.Step,-0.01
Measurement.Primary.Compliance,0.0001
Measurement.Primary.PowerCompliance,0
Measurement.Aborting.Condition,"CONTINUE AT ANY"
Measurement.PostOutput.Value,START
Measurement.PostOutput.Retention,OFF
Measurement.Bias.Source,1,0
Measurement.Bias.Compliance,0.0001,0.1
Measurement.Monitor.Unit,SMU4:HR,SMU3:HR
Measurement.Monitor.Adc,"HR ADC","HR ADC"
Measurement.Monitor.Measurement,"Compliance Side","Compliance Side"
Measurement.Monitor.RangingMode,LIMITED,LIMITED
Measurement.Monitor.RangeBoundary,1nA,1nA
Measurement.Monitor.RangeRating,"BY FULL RANGE","BY FULL RANGE"
Measurement.Monitor.RangeRatingCoeff,50,50
Measurement.Timing.Hold,0
Measurement.Timing.Delay,0
Measurement.Adc.HighSpeed.Mode,PLC
Measurement.Adc.HighSpeed.Coeff,6
Measurement.Adc.HighResolution.AutoZero,OFF
Measurement.Adc.HighResolution.Mode,PLC
Measurement.Adc.HighResolution.Coeff,6
Measurement.WaitTime.Source.Coeff,1
Measurement.WaitTime.Source.Offset,0
Measurement.WaitTime.Monitor.Coeff,1
Measurement.WaitTime.Monitor.Offset,0
Output.Graph.Enabled,true
Output.Graph.AutoScaling,false
Output.Graph.XAxis.Data,V1
Output.Graph.XAxis.Scale,Linear
Output.Graph.XAxis.Left,-1
Output.Graph.XAxis.Right,1
Output.Graph.XAxis.RunTimeAutoScale,true
Output.Graph.YAxis.Data,I1
Output.Graph.YAxis.Scale,Linear
Output.Graph.YAxis.Bottom,-0.1
Output.Graph.YAxis.Top,0.1
Output.Graph.YAxis.Group,
Output.Graph.YAxis.RunTimeAutoScale,true
AutoAnalysis.Interpolation,false
AutoAnalysis.Line1.Enabled,false
AutoAnalysis.Line1.Type,1
AutoAnalysis.Line1.Fix,True
AutoAnalysis.Line1.YAxis,0
AutoAnalysis.Line1.Point1.Type,0
AutoAnalysis.Line1.Point1.XY.X,
AutoAnalysis.Line1.Point1.XY.Y,
AutoAnalysis.Line1.Point1.Data.Var,
AutoAnalysis.Line1.Point1.Data.Condition,
AutoAnalysis.Line1.Point1.Data.Start,false
AutoAnalysis.Line1.Point1.Data.StartVar,
AutoAnalysis.Line1.Point1.Data.StartCondition,
AutoAnalysis.Line1.Point2.Type,0
AutoAnalysis.Line1.Point2.XY.X,
AutoAnalysis.Line1.Point2.XY.Y,
AutoAnalysis.Line1.Point2.Data.Var,
AutoAnalysis.Line1.Point2.Data.Condition,
AutoAnalysis.Line1.Point2.Data.Start,false
AutoAnalysis.Line1.Point2.Data.StartVar,
AutoAnalysis.Line1.Point2.Data.StartCondition,
AutoAnalysis.Line1.GradientExpr,0
AutoAnalysis.Line2.Enabled,false
AutoAnalysis.Line2.Type,1
AutoAnalysis.Line2.Fix,True
AutoAnalysis.Line2.YAxis,0
AutoAnalysis.Line2.Point1.Type,0
AutoAnalysis.Line2.Point1.XY.X,
AutoAnalysis.Line2.Point1.XY.Y,
AutoAnalysis.Line2.Point1.Data.Var,
AutoAnalysis.Line2.Point1.Data.Condition,
AutoAnalysis.Line2.Point1.Data.Start,false
AutoAnalysis.Line2.Point1.Data.StartVar,
AutoAnalysis.Line2.Point1.Data.StartCondition,
AutoAnalysis.Line2.Point2.Type,0
AutoAnalysis.Line2.Point2.XY.X,
AutoAnalysis.Line2.Point2.XY.Y,
AutoAnalysis.Line2.Point2.Data.Var,
AutoAnalysis.Line2.Point2.Data.Condition,
AutoAnalysis.Line2.Point2.Data.Start,false
AutoAnalysis.Line2.Point2.Data.StartVar,
AutoAnalysis.Line2.Point2.Data.StartCondition,
AutoAnalysis.Line2.GradientExpr,0
AutoAnalysis.Marker.Enabled,false
AutoAnalysis.Marker.Data.Var,
AutoAnalysis.Marker.Data.Condition,
AutoAnalysis.Marker.Data.Start,false
AutoAnalysis.Marker.Data.StartVar,
AutoAnalysis.Marker.Data.StartCondition,
V1,I1
1,4.84E-11
0.99,4.07E-11
0.98,3.78E-11
0.97,2.76E-11
0.96,1.98E-11
0.95,1.89E-11
0.94,1.33E-11
0.93,2.27E-11
0.92,2.38E-11
0.91,1.19E-11
0.9,1.82E-11
0.89,1.97E-11
0.88,7.8E-12
0.87,8E-12
0.86,1.82E-11
0.85,5.6E-12
0.84,1.36E-11
0.83,1.58E-11
0.82,9.4E-12
0.81,2.4E-12
0.8,-4E-13
0.79,1.19E-11
0.78,9.5E-12
0.77,5.4E-12
0.76,1E-13
0.75,3.4E-12
0.74,-2.7E-12
0.73,8.8E-12
0.72,8.1E-12
0.71,7.3E-12
0.7,2.5E-12
0.69,-3.1E-12
0.68,1.03E-11
0.67,-3.1E-12
0.66,-5.6E-12
0.65,6.6E-12
0.64,8.3E-12
0.63,-4E-12
0.62,6.1E-12
0.61,7.7E-12
0.6,7.2E-12
0.59,-3E-12
0.58,-3.5E-12
0.57,-5.7E-12
0.56,1E-13
0.55,8.1E-12
0.54,6.3E-12
0.53,3.3E-12
0.52,7.9E-12
0.51,-4.5E-12
0.5,-5.2E-12
0.49,4.1E-12
0.48,6.5E-12
0.47,8.7E-12
0.46,-2E-13
0.45,-3.9E-12
0.44,-3.5E-12
0.43,-5.6E-12
0.42,2.2E-12
0.41,7.8E-12
0.4,-6E-12
0.39,-6.1E-12
0.38,3.8E-12
0.37,1.8E-12
0.36,-1.3E-12
0.35,-7.6E-12
0.34,-8.7E-12
0.33,-4.9E-12
0.32,1.6E-12
0.31,3.9E-12
0.3,-9.2E-12
0.29,1.9E-12
0.28,6.7E-12
0.27,6.5E-12
0.26,-5E-12
0.25,-3E-13
0.24,-6.7E-12
0.23,-7.3E-12
0.22,3.1E-12
0.21,5.3E-12
0.2,-1.02E-11
0.19,-8.3E-12
0.18,7.3E-12
0.17,-8.9E-12
0.16,-2.6E-12
0.15,3.3E-12
0.14,2E-12
0.13,-4E-12
0.12,-9.8E-12
0.11,9E-13
0.1,4.1E-12
0.09,-7.2E-12
0.08,-8.6E-12
0.07,7.9E-12
0.06,-6.9E-12
0.05,7.7E-12
0.04,-4.6E-12
0.03,-1E-11
0.02,-8.7E-12
0.01,-1.23E-11
0,-3.4E-12
-0.01,4E-12
-0.02,3.5E-12
-0.03,-8.1E-12
-0.04,-1.43E-11
-0.05,-1.06E-11
-0.06,-1.3E-11
-0.07,1E-12
-0.08,4.1E-12
-0.09,-2.2E-12
-0.1,4.3E-12
-0.11,-1.08E-11
-0.12,-1.54E-11
-0.13,-1E-11
-0.14,-1.62E-11
-0.15,-1.4E-12
-0.16,-4.4E-12
-0.17,-1.7E-12
-0.18,-1.15E-11
-0.19,-1.66E-11
-0.2,-1.72E-11
