Setup title,"I/V Sweep-Solar cell"
Classic test name,"I/V Sweep"
Test date,4/19/2023
Test time,16:48:30
Device ID,
Count,14
Flags,
Remarks,
Context.MainFrame,B1500A
Channel.UnitType,SMU,SMU
Channel.Unit,SMU4:HR,SMU3:HR
Channel.IName,I1,l2
Channel.VName,V1,V2
Channel.Mode,V,COMMON
Channel.Func,VAR1,CONST
Channel.Index,
Channel.Time,
Measurement.Port.Unit,SMU4:HR,SMU3:HR
Measurement.Port.SeriesResistor,NONE,NONE
Measurement.Port.Filter,ON,ON
Measurement.Port.OutputVoltageComparison,0,0
Measurement.Primary.Locus,Single
Measurement.Primary.Scale,LINEAR
Measurement.Primary.Start,-0.7
Measurement.Primary.Stop,0.7
Measurement.Primary.Step,0.01
Measurement.Primary.Compliance,0.0001
Measurement.Primary.PowerCompliance,0
Measurement.Aborting.Condition,"CONTINUE AT ANY"
Measurement.PostOutput.Value,START
Measurement.PostOutput.Retention,OFF
Measurement.Bias.Source,-0.7,0
Measurement.Bias.Compliance,0.0001,0.1
Measurement.Monitor.Unit,SMU4:HR,SMU3:HR
Measurement.Monitor.Adc,"HR ADC","HR ADC"
Measurement.Monitor.Measurement,"Compliance Side","Compliance Side"
Measurement.Monitor.RangingMode,LIMITED,LIMITED
Measurement.Monitor.RangeBoundary,1nA,1nA
Measurement.Monitor.RangeRating,"BY FULL RANGE","BY FULL RANGE"
Measurement.Monitor.RangeRatingCoeff,50,50
Measurement.Timing.Hold,0
Measurement.Timing.Delay,0
Measurement.Adc.HighSpeed.Mode,PLC
Measurement.Adc.HighSpeed.Coeff,6
Measurement.Adc.HighResolution.AutoZero,OFF
Measurement.Adc.HighResolution.Mode,PLC
Measurement.Adc.HighResolution.Coeff,6
Measurement.WaitTime.Source.Coeff,1
Measurement.WaitTime.Source.Offset,0
Measurement.WaitTime.Monitor.Coeff,1
Measurement.WaitTime.Monitor.Offset,0
Output.Graph.Enabled,true
Output.Graph.AutoScaling,false
Output.Graph.XAxis.Data,V1
Output.Graph.XAxis.Scale,Linear
Output.Graph.XAxis.Left,-1
Output.Graph.XAxis.Right,1
Output.Graph.XAxis.RunTimeAutoScale,true
Output.Graph.YAxis.Data,I1
Output.Graph.YAxis.Scale,Linear
Output.Graph.YAxis.Bottom,-0.1
Output.Graph.YAxis.Top,0.1
Output.Graph.YAxis.Group,
Output.Graph.YAxis.RunTimeAutoScale,true
AutoAnalysis.Interpolation,false
AutoAnalysis.Line1.Enabled,false
AutoAnalysis.Line1.Type,1
AutoAnalysis.Line1.Fix,True
AutoAnalysis.Line1.YAxis,0
AutoAnalysis.Line1.Point1.Type,0
AutoAnalysis.Line1.Point1.XY.X,
AutoAnalysis.Line1.Point1.XY.Y,
AutoAnalysis.Line1.Point1.Data.Var,
AutoAnalysis.Line1.Point1.Data.Condition,
AutoAnalysis.Line1.Point1.Data.Start,false
AutoAnalysis.Line1.Point1.Data.StartVar,
AutoAnalysis.Line1.Point1.Data.StartCondition,
AutoAnalysis.Line1.Point2.Type,0
AutoAnalysis.Line1.Point2.XY.X,
AutoAnalysis.Line1.Point2.XY.Y,
AutoAnalysis.Line1.Point2.Data.Var,
AutoAnalysis.Line1.Point2.Data.Condition,
AutoAnalysis.Line1.Point2.Data.Start,false
AutoAnalysis.Line1.Point2.Data.StartVar,
AutoAnalysis.Line1.Point2.Data.StartCondition,
AutoAnalysis.Line1.GradientExpr,0
AutoAnalysis.Line2.Enabled,false
AutoAnalysis.Line2.Type,1
AutoAnalysis.Line2.Fix,True
AutoAnalysis.Line2.YAxis,0
AutoAnalysis.Line2.Point1.Type,0
AutoAnalysis.Line2.Point1.XY.X,
AutoAnalysis.Line2.Point1.XY.Y,
AutoAnalysis.Line2.Point1.Data.Var,
AutoAnalysis.Line2.Point1.Data.Condition,
AutoAnalysis.Line2.Point1.Data.Start,false
AutoAnalysis.Line2.Point1.Data.StartVar,
AutoAnalysis.Line2.Point1.Data.StartCondition,
AutoAnalysis.Line2.Point2.Type,0
AutoAnalysis.Line2.Point2.XY.X,
AutoAnalysis.Line2.Point2.XY.Y,
AutoAnalysis.Line2.Point2.Data.Var,
AutoAnalysis.Line2.Point2.Data.Condition,
AutoAnalysis.Line2.Point2.Data.Start,false
AutoAnalysis.Line2.Point2.Data.StartVar,
AutoAnalysis.Line2.Point2.Data.StartCondition,
AutoAnalysis.Line2.GradientExpr,0
AutoAnalysis.Marker.Enabled,false
AutoAnalysis.Marker.Data.Var,
AutoAnalysis.Marker.Data.Condition,
AutoAnalysis.Marker.Data.Start,false
AutoAnalysis.Marker.Data.StartVar,
AutoAnalysis.Marker.Data.StartCondition,
V1,I1
-0.7,-1.81E-11
-0.69,-1.23E-11
-0.68,-1.1E-11
-0.67,-9.6E-12
-0.66,-9.1E-12
-0.65,-9.96E-12
-0.64,-9.8E-12
-0.63,-9.26E-12
-0.62,-7.7E-12
-0.61,-8.11E-12
-0.6,-6.83E-12
-0.59,-7.15E-12
-0.58,-6.22E-12
-0.57,-6.33E-12
-0.56,-5.93E-12
-0.55,-5.39E-12
-0.54,-6.05E-12
-0.53,-5.06E-12
-0.52,-3.17E-12
-0.51,-3.68E-12
-0.5,-4.19E-12
-0.49,-4.59E-12
-0.48,-3.93E-12
-0.47,-3.89E-12
-0.46,-4.05E-12
-0.45,-4.35E-12
-0.44,-2.37E-12
-0.43,-1.7E-12
-0.42,-2.3E-12
-0.41,-2.42E-12
-0.4,-2.39E-12
-0.39,-2.76E-12
-0.38,-2.68E-12
-0.37,-2.41E-12
-0.36,-1.36E-12
-0.35,-1.98E-12
-0.34,-1.5E-12
-0.33,-1.55E-12
-0.32,-1.16E-12
-0.31,-1.98E-12
-0.3,-9.6E-13
-0.29,-1.62E-12
-0.28,-1.73E-12
-0.27,-2.7E-13
-0.26,-8E-14
-0.25,-1.04E-12
-0.24,-6.9E-13
-0.23,-8.3E-13
-0.22,-7.9E-13
-0.21,-1.48E-12
-0.2,-5E-13
-0.19,-6.6E-13
-0.18,1.5E-13
-0.17,-2.3E-13
-0.16,-3.2E-13
-0.15,3E-14
-0.14,-4E-14
-0.13,2.8E-13
-0.12,6.5E-13
-0.11,0
-0.1,6.7E-13
-0.09,6.1E-13
-0.08,9.2E-13
-0.07,-5E-14
-0.06,1.4E-13
-0.05,-4.7E-13
-0.04,5E-14
-0.03,7.7E-13
-0.02,4.3E-13
-0.01,1.47E-12
0,1.19E-12
0.01,1.16E-12
0.02,1.3E-12
0.03,2.6E-13
0.04,9E-13
0.05,2.1E-13
0.06,3.9E-13
0.07,9.6E-13
0.08,1.41E-12
0.09,1.37E-12
0.1,1.13E-12
0.11,8.2E-13
0.12,1.32E-12
0.13,1.68E-12
0.14,2.16E-12
0.15,1.41E-12
0.16,1.7E-12
0.17,1.98E-12
0.18,1.61E-12
0.19,1.96E-12
0.2,2.07E-12
0.21,1.64E-12
0.22,1.88E-12
0.23,2.52E-12
0.24,2.19E-12
0.25,2.14E-12
0.26,2.04E-12
0.27,2.57E-12
0.28,2.11E-12
0.29,2.4E-12
0.3,2.88E-12
0.31,2.59E-12
0.32,2.78E-12
0.33,3.05E-12
0.34,3.14E-12
0.35,2.72E-12
0.36,3.54E-12
0.37,2.91E-12
0.38,2.72E-12
0.39,2.91E-12
0.4,3.77E-12
0.41,3.21E-12
0.42,3.74E-12
0.43,3.82E-12
0.44,3.88E-12
0.45,4.2E-12
0.46,4.21E-12
0.47,3.37E-12
0.48,3.24E-12
0.49,3.63E-12
0.5,4.62E-12
0.51,4.28E-12
0.52,4.43E-12
0.53,3.88E-12
0.54,4.84E-12
0.55,5.26E-12
0.56,5.5E-12
0.57,4.6E-12
0.58,4.99E-12
0.59,4.76E-12
0.6,5.28E-12
0.61,5.63E-12
0.62,4.6E-12
0.63,5.24E-12
0.64,5.67E-12
0.65,5.42E-12
0.66,5.82E-12
0.67,6.71E-12
0.68,6.02E-12
0.69,5.67E-12
0.7,5.37E-12
